{
  "layer_id": 0,
  "num_experts": 128,
  "hidden_in": {
    "shape": [
      20,
      2816
    ],
    "dtype": "torch.float16",
    "mean": 0.002163493540138006,
    "abs_max": 4.34765625,
    "std": 0.21321307122707367,
    "n_zero": 12,
    "n_total": 56320
  },
  "router_logits": {
    "shape": [
      20,
      128
    ],
    "dtype": "torch.float16",
    "mean": 1.2702487707138062,
    "abs_max": 8.3671875,
    "std": 0.9543343186378479,
    "n_zero": 0,
    "n_total": 2560
  },
  "topk_weights": {
    "shape": [
      20,
      8
    ],
    "dtype": "torch.float32",
    "mean": 0.1244497299194336,
    "abs_max": 0.83251953125,
    "std": 0.1354614496231079,
    "n_zero": 0,
    "n_total": 160
  },
  "topk_ids_first_8": [
    [
      79,
      102,
      114,
      46,
      19,
      54,
      84,
      92
    ],
    [
      102,
      54,
      1,
      6,
      83,
      81,
      69,
      15
    ],
    [
      102,
      60,
      49,
      19,
      22,
      48,
      84,
      105
    ],
    [
      102,
      6,
      92,
      114,
      84,
      103,
      1,
      24
    ],
    [
      102,
      54,
      99,
      68,
      33,
      58,
      69,
      6
    ],
    [
      113,
      68,
      33,
      1,
      90,
      126,
      102,
      77
    ],
    [
      102,
      51,
      71,
      22,
      47,
      33,
      1,
      16
    ],
    [
      102,
      66,
      51,
      47,
      72,
      33,
      118,
      110
    ]
  ],
  "topk_ids_unique": [
    1,
    4,
    6,
    7,
    8,
    11,
    15,
    16,
    17,
    19,
    22,
    24,
    26,
    28,
    29,
    32,
    33,
    34,
    38,
    39,
    41,
    46,
    47,
    48,
    49,
    51,
    54,
    55,
    58,
    60,
    66,
    68,
    69,
    71,
    72,
    73,
    74,
    77,
    79,
    81,
    83,
    84,
    85,
    90,
    92,
    99,
    102,
    103,
    105,
    108,
    109,
    110,
    111,
    113,
    114,
    117,
    118,
    120,
    124,
    126,
    127
  ],
  "hidden_out": {
    "shape": [
      20,
      2816
    ],
    "dtype": "torch.float16",
    "mean": -0.005742035806179047,
    "abs_max": 104.1875,
    "std": 2.4370083808898926,
    "n_zero": 0,
    "n_total": 56320
  },
  "per_expert_scale": {
    "shape": [
      128
    ],
    "dtype": "torch.float16",
    "mean": 0.999542236328125,
    "abs_max": 1.0234375,
    "std": 0.011011738330125809,
    "n_zero": 0,
    "n_total": 128
  }
}